Date_ID,Date,Time
1,1/10/2022,3:00pm
2,2/10/2022,4:00pm
3,3/10/2022,3:00pm
4,4/10/2022,4:00pm
5,5/10/2022,3:00pm
6,6/10/2022,4:00pm
7,7/10/2022,3:00pm
8,8/10/2022,4:00pm
9,9/10/2022,3:00pm
10,10/10/2022,4:00pm
11,11/10/2022,3:00pm
12,12/10/2022,4:00pm
13,13/10/2022,3:00pm
14,14/10/2022,4:00pm
15,15/10/2022,3:00pm
16,16/10/2022,4:00pm
17,17/10/2022,3:00pm
18,18/10/2022,4:00pm
19,19/10/2022,3:00pm
20,20/10/2022,4:00pm
21,21/10/2022,3:00pm
22,22/10/2022,4:00pm
23,23/10/2022,3:00pm
24,24/10/2022,4:00pm
25,25/10/2022,3:00pm
26,26/10/2022,4:00pm
27,27/10/2022,3:00pm
28,28/10/2022,4:00pm
29,29/10/2022,3:00pm
30,30/10/2022,4:00pm
31,31/10/2022,3:00pm
32,1/11/2022,4:00pm
33,2/11/2022,3:00pm
34,3/11/2022,4:00pm
35,4/11/2022,3:00pm
36,5/11/2022,4:00pm
37,6/11/2022,3:00pm
38,7/11/2022,4:00pm
39,8/11/2022,3:00pm
40,9/11/2022,4:00pm
41,10/11/2022,3:00pm
42,11/11/2022,4:00pm
43,12/11/2022,3:00pm
44,13/11/2022,4:00pm
45,14/11/2022,3:00pm
46,15/11/2022,4:00pm
47,16/11/2022,3:00pm
48,17/11/2022,4:00pm
49,18/11/2022,3:00pm
50,19/11/2022,4:00pm
51,20/11/2022,3:00pm
52,21/11/2022,4:00pm
53,22/11/2022,3:00pm
54,23/11/2022,4:00pm
55,24/11/2022,3:00pm
56,25/11/2022,4:00pm
57,26/11/2022,3:00pm
58,27/11/2022,4:00pm
59,28/11/2022,3:00pm
60,29/11/2022,4:00pm
61,30/11/2022,3:00pm
62,1/12/2022,4:00pm
63,2/12/2022,3:00pm
64,3/12/2022,4:00pm
65,4/12/2022,3:00pm
66,5/12/2022,4:00pm
67,6/12/2022,3:00pm
68,7/12/2022,4:00pm
69,8/12/2022,3:00pm
70,9/12/2022,4:00pm
71,10/12/2022,3:00pm
72,11/12/2022,4:00pm
73,12/12/2022,3:00pm
74,13/12/2022,4:00pm
75,14/12/2022,3:00pm
76,15/12/2022,4:00pm
77,16/12/2022,3:00pm
78,17/12/2022,4:00pm
79,18/12/2022,3:00pm
80,19/12/2022,4:00pm
81,20/12/2022,3:00pm
82,21/12/2022,4:00pm
83,22/12/2022,3:00pm
84,23/12/2022,4:00pm
85,24/12/2022,3:00pm
86,25/12/2022,4:00pm
87,26/12/2022,3:00pm
88,27/12/2022,4:00pm
89,28/12/2022,3:00pm
90,29/12/2022,4:00pm
91,30/12/2022,3:00pm
92,31/12/2022,4:00pm
93,1/1/2023,3:00pm
94,2/1/2023,4:00pm
95,3/1/2023,3:00pm
96,4/1/2023,4:00pm
97,5/1/2023,3:00pm
98,6/1/2023,4:00pm
99,7/1/2023,3:00pm
100,8/1/2023,4:00pm
101,9/1/2023,3:00pm
102,10/1/2023,4:00pm
103,11/1/2023,3:00pm
104,12/1/2023,4:00pm
105,13/1/2023,3:00pm
106,14/1/2023,4:00pm
107,15/1/2023,3:00pm
108,16/1/2023,4:00pm
109,17/1/2023,3:00pm
110,18/1/2023,4:00pm
111,19/1/2023,3:00pm
112,20/1/2023,4:00pm
113,21/1/2023,3:00pm
114,22/1/2023,4:00pm
115,23/1/2023,3:00pm
116,24/1/2023,4:00pm
117,25/1/2023,3:00pm
118,26/1/2023,4:00pm
119,27/1/2023,3:00pm
120,28/1/2023,4:00pm
121,29/1/2023,3:00pm
122,30/1/2023,4:00pm
123,31/1/2023,3:00pm
124,1/2/2023,4:00pm
125,2/2/2023,3:00pm
126,3/2/2023,4:00pm
127,4/2/2023,3:00pm
128,5/2/2023,4:00pm
129,6/2/2023,3:00pm
130,7/2/2023,4:00pm
131,8/2/2023,3:00pm
132,9/2/2023,4:00pm
133,10/2/2023,3:00pm
134,11/2/2023,4:00pm
135,12/2/2023,3:00pm
136,13/2/2023,4:00pm
137,14/2/2023,3:00pm
138,15/2/2023,4:00pm
139,16/2/2023,3:00pm
140,17/2/2023,4:00pm
141,18/2/2023,3:00pm
142,19/2/2023,4:00pm
143,20/2/2023,3:00pm
144,21/2/2023,4:00pm
145,22/2/2023,3:00pm
146,23/2/2023,4:00pm
147,24/2/2023,3:00pm
148,25/2/2023,4:00pm
149,26/2/2023,3:00pm
150,27/2/2023,4:00pm
151,28/2/2023,3:00pm
152,1/3/2023,4:00pm
153,2/3/2023,3:00pm
154,3/3/2023,4:00pm
155,4/3/2023,3:00pm
156,5/3/2023,4:00pm
157,6/3/2023,3:00pm
158,7/3/2023,4:00pm
159,8/3/2023,3:00pm
160,9/3/2023,4:00pm
161,10/3/2023,3:00pm
162,11/3/2023,4:00pm
163,12/3/2023,3:00pm
164,13/3/2023,4:00pm
165,14/3/2023,3:00pm
166,15/3/2023,4:00pm
167,16/3/2023,3:00pm
168,17/3/2023,4:00pm
169,18/3/2023,3:00pm
170,19/3/2023,4:00pm
171,20/3/2023,3:00pm
172,21/3/2023,4:00pm
173,22/3/2023,3:00pm
174,23/3/2023,4:00pm
175,24/3/2023,3:00pm
176,25/3/2023,4:00pm
177,26/3/2023,3:00pm
178,27/3/2023,4:00pm
179,28/3/2023,3:00pm
180,29/3/2023,4:00pm
181,30/3/2023,3:00pm
182,31/3/2023,4:00pm
183,1/4/2023,3:00pm
184,2/4/2023,4:00pm
185,3/4/2023,3:00pm
186,4/4/2023,4:00pm
187,5/4/2023,3:00pm
188,6/4/2023,4:00pm
189,7/4/2023,3:00pm
190,8/4/2023,4:00pm
191,9/4/2023,3:00pm
192,10/4/2023,4:00pm
193,11/4/2023,3:00pm
194,12/4/2023,4:00pm
195,13/4/2023,3:00pm
196,14/4/2023,4:00pm
197,15/4/2023,3:00pm
198,16/4/2023,4:00pm
199,17/4/2023,3:00pm
200,18/4/2023,4:00pm
201,19/4/2023,3:00pm
202,20/4/2023,4:00pm
203,21/4/2023,3:00pm
204,22/4/2023,4:00pm
205,23/4/2023,3:00pm
206,24/4/2023,4:00pm
207,25/4/2023,3:00pm
208,26/4/2023,4:00pm
209,27/4/2023,3:00pm
210,28/4/2023,4:00pm
211,29/4/2023,3:00pm
212,30/4/2023,4:00pm
213,1/5/2023,3:00pm
214,2/5/2023,4:00pm
215,3/5/2023,3:00pm
216,4/5/2023,4:00pm
217,5/5/2023,3:00pm
218,6/5/2023,4:00pm
219,7/5/2023,3:00pm
220,8/5/2023,4:00pm
221,9/5/2023,3:00pm
222,10/5/2023,4:00pm
223,11/5/2023,3:00pm
224,12/5/2023,4:00pm
225,13/5/2023,3:00pm
226,14/5/2023,4:00pm
227,15/5/2023,3:00pm
228,16/5/2023,4:00pm
229,17/5/2023,3:00pm
230,18/5/2023,4:00pm
231,19/5/2023,3:00pm
232,20/5/2023,4:00pm
233,21/5/2023,3:00pm
234,22/5/2023,4:00pm
235,23/5/2023,3:00pm
236,24/5/2023,4:00pm
237,25/5/2023,3:00pm
238,26/5/2023,4:00pm
239,27/5/2023,3:00pm
240,28/5/2023,4:00pm
241,29/5/2023,3:00pm
242,30/5/2023,4:00pm
243,31/5/2023,3:00pm
244,1/6/2023,4:00pm
245,2/6/2023,3:00pm
246,3/6/2023,4:00pm
247,4/6/2023,3:00pm
248,5/6/2023,4:00pm
249,6/6/2023,3:00pm
250,7/6/2023,4:00pm
251,8/6/2023,3:00pm
252,9/6/2023,4:00pm
253,10/6/2023,3:00pm
254,11/6/2023,4:00pm
255,12/6/2023,3:00pm
256,13/6/2023,4:00pm
257,14/6/2023,3:00pm
258,15/6/2023,4:00pm
259,16/6/2023,3:00pm
260,17/6/2023,4:00pm
261,18/6/2023,3:00pm
262,19/6/2023,4:00pm
263,20/6/2023,3:00pm
264,21/6/2023,4:00pm
265,22/6/2023,3:00pm
266,23/6/2023,4:00pm
267,24/6/2023,3:00pm
268,25/6/2023,4:00pm
269,26/6/2023,3:00pm
270,27/6/2023,4:00pm
271,28/6/2023,3:00pm
272,29/6/2023,4:00pm
273,30/6/2023,3:00pm
274,1/7/2023,4:00pm
275,2/7/2023,3:00pm
276,3/7/2023,4:00pm
277,4/7/2023,3:00pm
278,5/7/2023,4:00pm
279,6/7/2023,3:00pm
280,7/7/2023,4:00pm
281,8/7/2023,3:00pm
282,9/7/2023,4:00pm
283,10/7/2023,3:00pm
284,11/7/2023,4:00pm
285,12/7/2023,3:00pm
286,13/7/2023,4:00pm
287,14/7/2023,3:00pm
288,15/7/2023,4:00pm
289,16/7/2023,3:00pm
290,17/7/2023,4:00pm
291,18/7/2023,3:00pm
292,19/7/2023,4:00pm
293,20/7/2023,3:00pm
294,21/7/2023,4:00pm
295,22/7/2023,3:00pm
296,23/7/2023,4:00pm
297,24/7/2023,3:00pm
298,25/7/2023,4:00pm
299,26/7/2023,3:00pm
300,27/7/2023,4:00pm
301,28/7/2023,3:00pm
302,29/7/2023,4:00pm
303,30/7/2023,3:00pm
304,31/7/2023,4:00pm
305,1/8/2023,3:00pm
306,2/8/2023,4:00pm
307,3/8/2023,3:00pm
308,4/8/2023,4:00pm
309,5/8/2023,3:00pm
310,6/8/2023,4:00pm
311,7/8/2023,3:00pm
312,8/8/2023,4:00pm
313,9/8/2023,3:00pm
314,10/8/2023,4:00pm
315,11/8/2023,3:00pm
316,12/8/2023,4:00pm
317,13/8/2023,3:00pm
318,14/8/2023,4:00pm
319,15/8/2023,3:00pm
320,16/8/2023,4:00pm
321,17/8/2023,3:00pm
322,18/8/2023,4:00pm
323,19/8/2023,3:00pm
324,20/8/2023,4:00pm
325,21/8/2023,3:00pm
326,22/8/2023,4:00pm
327,23/8/2023,3:00pm
328,24/8/2023,4:00pm
329,25/8/2023,3:00pm
330,26/8/2023,4:00pm
331,27/8/2023,3:00pm
332,28/8/2023,4:00pm
333,29/8/2023,3:00pm
334,30/8/2023,4:00pm
335,31/8/2023,3:00pm
336,1/9/2023,4:00pm
337,2/9/2023,3:00pm
338,3/9/2023,4:00pm
339,4/9/2023,3:00pm
340,5/9/2023,4:00pm
341,6/9/2023,3:00pm
342,7/9/2023,4:00pm
343,8/9/2023,3:00pm
344,9/9/2023,4:00pm
345,10/9/2023,3:00pm
346,11/9/2023,4:00pm
347,12/9/2023,3:00pm
348,13/9/2023,4:00pm
349,14/9/2023,3:00pm
350,15/9/2023,4:00pm
351,16/9/2023,3:00pm
352,17/9/2023,4:00pm
353,18/9/2023,3:00pm
354,19/9/2023,4:00pm
355,20/9/2023,3:00pm
356,21/9/2023,4:00pm
357,22/9/2023,3:00pm
358,23/9/2023,4:00pm
359,24/9/2023,3:00pm
360,25/9/2023,4:00pm
361,26/9/2023,3:00pm
362,27/9/2023,4:00pm
363,28/9/2023,3:00pm
364,29/9/2023,4:00pm
365,30/9/2023,3:00pm
366,1/10/2023,4:00pm
367,2/10/2023,3:00pm
368,3/10/2023,4:00pm
369,4/10/2023,3:00pm
370,5/10/2023,4:00pm
371,6/10/2023,3:00pm
372,7/10/2023,4:00pm
373,8/10/2023,3:00pm
374,9/10/2023,4:00pm
375,10/10/2023,3:00pm
376,11/10/2023,4:00pm
377,12/10/2023,3:00pm
378,13/10/2023,4:00pm
379,14/10/2023,3:00pm
380,15/10/2023,4:00pm
381,16/10/2023,3:00pm
382,17/10/2023,4:00pm
383,18/10/2023,3:00pm
384,19/10/2023,4:00pm
385,20/10/2023,3:00pm
386,21/10/2023,4:00pm
387,22/10/2023,3:00pm
388,23/10/2023,4:00pm
389,24/10/2023,3:00pm
390,25/10/2023,4:00pm
391,26/10/2023,3:00pm
392,27/10/2023,4:00pm
393,28/10/2023,3:00pm
394,29/10/2023,4:00pm
395,30/10/2023,3:00pm
396,31/10/2023,4:00pm
397,1/11/2023,3:00pm
398,2/11/2023,4:00pm
399,3/11/2023,3:00pm
400,4/11/2023,4:00pm
401,5/11/2023,3:00pm
402,6/11/2023,4:00pm
403,7/11/2023,3:00pm
404,8/11/2023,4:00pm
405,9/11/2023,3:00pm
406,10/11/2023,4:00pm
407,11/11/2023,3:00pm
408,12/11/2023,4:00pm
409,13/11/2023,3:00pm
410,14/11/2023,4:00pm
411,15/11/2023,3:00pm
412,16/11/2023,4:00pm
413,17/11/2023,3:00pm
414,18/11/2023,4:00pm
415,19/11/2023,3:00pm
416,20/11/2023,4:00pm
417,21/11/2023,3:00pm
418,22/11/2023,4:00pm
419,23/11/2023,3:00pm
420,24/11/2023,4:00pm
421,25/11/2023,3:00pm
422,26/11/2023,4:00pm
423,27/11/2023,3:00pm
424,28/11/2023,4:00pm
425,29/11/2023,3:00pm
426,30/11/2023,4:00pm
427,1/12/2023,3:00pm
428,2/12/2023,4:00pm
429,3/12/2023,3:00pm
430,4/12/2023,4:00pm
431,5/12/2023,3:00pm
432,6/12/2023,4:00pm
433,7/12/2023,3:00pm
434,8/12/2023,4:00pm
435,9/12/2023,3:00pm
436,10/12/2023,4:00pm
437,11/12/2023,3:00pm
438,12/12/2023,4:00pm
439,13/12/2023,3:00pm
440,14/12/2023,4:00pm
441,15/12/2023,3:00pm
442,16/12/2023,4:00pm
443,17/12/2023,3:00pm
444,18/12/2023,4:00pm
445,19/12/2023,3:00pm
446,20/12/2023,4:00pm
447,21/12/2023,3:00pm
448,22/12/2023,4:00pm
449,23/12/2023,3:00pm
450,24/12/2023,4:00pm
451,25/12/2023,3:00pm
452,26/12/2023,4:00pm
453,27/12/2023,3:00pm
454,28/12/2023,4:00pm
455,29/12/2023,3:00pm
456,30/12/2023,4:00pm
457,31/12/2023,3:00pm
458,1/1/2024,4:00pm
459,2/1/2024,3:00pm
460,3/1/2024,4:00pm
461,4/1/2024,3:00pm
462,5/1/2024,4:00pm
463,6/1/2024,3:00pm
464,7/1/2024,4:00pm
465,8/1/2024,3:00pm
466,9/1/2024,4:00pm
467,10/1/2024,3:00pm
468,11/1/2024,4:00pm
469,12/1/2024,3:00pm
470,13/1/2024,4:00pm
471,14/1/2024,3:00pm
472,15/1/2024,4:00pm
473,16/1/2024,3:00pm
474,17/1/2024,4:00pm
475,18/1/2024,3:00pm
476,19/1/2024,4:00pm
477,20/1/2024,3:00pm
478,21/1/2024,4:00pm
479,22/1/2024,3:00pm
480,23/1/2024,4:00pm
481,24/1/2024,3:00pm
482,25/1/2024,4:00pm
483,26/1/2024,3:00pm
484,27/1/2024,4:00pm
485,28/1/2024,3:00pm
486,29/1/2024,4:00pm
487,30/1/2024,3:00pm
488,31/1/2024,4:00pm
489,1/2/2024,3:00pm
490,2/2/2024,4:00pm
491,3/2/2024,3:00pm
492,4/2/2024,4:00pm
493,5/2/2024,3:00pm
494,6/2/2024,4:00pm
495,7/2/2024,3:00pm
496,8/2/2024,4:00pm
497,9/2/2024,3:00pm
498,10/2/2024,4:00pm
499,11/2/2024,3:00pm
500,12/2/2024,4:00pm
501,13/2/2024,3:00pm
502,14/2/2024,4:00pm
503,15/2/2024,3:00pm
504,16/2/2024,4:00pm
505,17/2/2024,3:00pm
506,18/2/2024,4:00pm
507,19/2/2024,3:00pm
508,20/2/2024,4:00pm
509,21/2/2024,3:00pm
510,22/2/2024,4:00pm
511,23/2/2024,3:00pm
512,24/2/2024,4:00pm
513,25/2/2024,3:00pm
514,26/2/2024,4:00pm
515,27/2/2024,3:00pm
516,28/2/2024,4:00pm
517,29/2/2024,3:00pm
518,1/3/2024,4:00pm
519,2/3/2024,3:00pm
520,3/3/2024,4:00pm
521,4/3/2024,3:00pm
522,5/3/2024,4:00pm
523,6/3/2024,3:00pm
524,7/3/2024,4:00pm
525,8/3/2024,3:00pm
526,9/3/2024,4:00pm
527,10/3/2024,3:00pm
528,11/3/2024,4:00pm
529,12/3/2024,3:00pm
530,13/3/2024,4:00pm
531,14/3/2024,3:00pm
532,15/3/2024,4:00pm
533,16/3/2024,3:00pm
534,17/3/2024,4:00pm
535,18/3/2024,3:00pm
536,19/3/2024,4:00pm
537,20/3/2024,3:00pm
538,21/3/2024,4:00pm
539,22/3/2024,3:00pm
540,23/3/2024,4:00pm
541,24/3/2024,3:00pm
542,25/3/2024,4:00pm
543,26/3/2024,3:00pm
544,27/3/2024,4:00pm
545,28/3/2024,3:00pm
546,29/3/2024,4:00pm
547,30/3/2024,3:00pm
548,31/3/2024,4:00pm
549,1/4/2024,3:00pm
550,2/4/2024,4:00pm
551,3/4/2024,3:00pm
552,4/4/2024,4:00pm
553,5/4/2024,3:00pm
554,6/4/2024,4:00pm
555,7/4/2024,3:00pm
556,8/4/2024,4:00pm
557,9/4/2024,3:00pm
558,10/4/2024,4:00pm
559,11/4/2024,3:00pm
560,12/4/2024,4:00pm
561,13/4/2024,3:00pm
562,14/4/2024,4:00pm
563,15/4/2024,3:00pm
564,16/4/2024,4:00pm
565,17/4/2024,3:00pm
566,18/4/2024,4:00pm
567,19/4/2024,3:00pm
568,20/4/2024,4:00pm
569,21/4/2024,3:00pm
570,22/4/2024,4:00pm
571,23/4/2024,3:00pm
572,24/4/2024,4:00pm
573,25/4/2024,3:00pm
574,26/4/2024,4:00pm
575,27/4/2024,3:00pm
576,28/4/2024,4:00pm
577,29/4/2024,3:00pm
578,30/4/2024,4:00pm
579,1/5/2024,3:00pm
580,2/5/2024,4:00pm
581,3/5/2024,3:00pm
582,4/5/2024,4:00pm
583,5/5/2024,3:00pm
584,6/5/2024,4:00pm
585,7/5/2024,3:00pm
586,8/5/2024,4:00pm
587,9/5/2024,3:00pm
588,10/5/2024,4:00pm
589,11/5/2024,3:00pm
590,12/5/2024,4:00pm
591,13/5/2024,3:00pm
592,14/5/2024,4:00pm
593,15/5/2024,3:00pm
594,16/5/2024,4:00pm
595,17/5/2024,3:00pm
596,18/5/2024,4:00pm
597,19/5/2024,3:00pm
598,20/5/2024,4:00pm
599,21/5/2024,3:00pm
600,22/5/2024,4:00pm
601,23/5/2024,3:00pm
602,24/5/2024,4:00pm
603,25/5/2024,3:00pm
604,26/5/2024,4:00pm
605,27/5/2024,3:00pm
606,28/5/2024,4:00pm
607,29/5/2024,3:00pm
608,30/5/2024,4:00pm
609,31/5/2024,3:00pm
610,1/6/2024,4:00pm
611,2/6/2024,3:00pm
612,3/6/2024,4:00pm
613,4/6/2024,3:00pm
614,5/6/2024,4:00pm
615,6/6/2024,3:00pm
616,7/6/2024,4:00pm
617,8/6/2024,3:00pm
618,9/6/2024,4:00pm
619,10/6/2024,3:00pm
620,11/6/2024,4:00pm
621,12/6/2024,3:00pm
622,13/6/2024,4:00pm
623,14/6/2024,3:00pm
624,15/6/2024,4:00pm
625,16/6/2024,3:00pm
626,17/6/2024,4:00pm
627,18/6/2024,3:00pm
628,19/6/2024,4:00pm
629,20/6/2024,3:00pm
630,21/6/2024,4:00pm
631,22/6/2024,3:00pm
632,23/6/2024,4:00pm
633,24/6/2024,3:00pm
634,25/6/2024,4:00pm
635,26/6/2024,3:00pm
636,27/6/2024,4:00pm
637,28/6/2024,3:00pm
638,29/6/2024,4:00pm
639,30/6/2024,3:00pm
640,1/7/2024,4:00pm
641,2/7/2024,3:00pm
642,3/7/2024,4:00pm
643,4/7/2024,3:00pm
644,5/7/2024,4:00pm
645,6/7/2024,3:00pm
646,7/7/2024,4:00pm
647,8/7/2024,3:00pm
648,9/7/2024,4:00pm
649,10/7/2024,3:00pm
650,11/7/2024,4:00pm
651,12/7/2024,3:00pm
652,13/7/2024,4:00pm
653,14/7/2024,3:00pm
654,15/7/2024,4:00pm
655,16/7/2024,3:00pm
656,17/7/2024,4:00pm
657,18/7/2024,3:00pm
658,19/7/2024,4:00pm
659,20/7/2024,3:00pm
660,21/7/2024,4:00pm
661,22/7/2024,3:00pm
662,23/7/2024,4:00pm
663,24/7/2024,3:00pm
664,25/7/2024,4:00pm
665,26/7/2024,3:00pm
666,27/7/2024,4:00pm
667,28/7/2024,3:00pm
668,29/7/2024,4:00pm
669,30/7/2024,3:00pm
670,31/7/2024,4:00pm
671,1/8/2024,3:00pm
672,2/8/2024,4:00pm
673,3/8/2024,3:00pm
674,4/8/2024,4:00pm
675,5/8/2024,3:00pm
676,6/8/2024,4:00pm
677,7/8/2024,3:00pm
678,8/8/2024,4:00pm
679,9/8/2024,3:00pm
680,10/8/2024,4:00pm
681,11/8/2024,3:00pm
682,12/8/2024,4:00pm
683,13/8/2024,3:00pm
684,14/8/2024,4:00pm
685,15/8/2024,3:00pm
686,16/8/2024,4:00pm
687,17/8/2024,3:00pm
688,18/8/2024,4:00pm
689,19/8/2024,3:00pm
690,20/8/2024,4:00pm
691,21/8/2024,3:00pm
692,22/8/2024,4:00pm
693,23/8/2024,3:00pm
694,24/8/2024,4:00pm
695,25/8/2024,3:00pm
696,26/8/2024,4:00pm
697,27/8/2024,3:00pm
698,28/8/2024,4:00pm
699,29/8/2024,3:00pm
700,30/8/2024,4:00pm
701,31/8/2024,3:00pm
702,1/9/2024,4:00pm
703,2/9/2024,3:00pm
704,3/9/2024,4:00pm
705,4/9/2024,3:00pm
706,5/9/2024,4:00pm
707,6/9/2024,3:00pm
708,7/9/2024,4:00pm
709,8/9/2024,3:00pm
710,9/9/2024,4:00pm
711,10/9/2024,3:00pm
712,11/9/2024,4:00pm
713,12/9/2024,3:00pm
714,13/9/2024,4:00pm
715,14/9/2024,3:00pm
716,15/9/2024,4:00pm
717,16/9/2024,3:00pm
718,17/9/2024,4:00pm
719,18/9/2024,3:00pm
720,19/9/2024,4:00pm
721,20/9/2024,3:00pm
722,21/9/2024,4:00pm
723,22/9/2024,3:00pm
724,23/9/2024,4:00pm
725,24/9/2024,3:00pm
726,25/9/2024,4:00pm
727,26/9/2024,3:00pm
728,27/9/2024,4:00pm
729,28/9/2024,3:00pm
730,29/9/2024,4:00pm
731,30/9/2024,3:00pm
732,1/10/2024,4:00pm
733,2/10/2024,3:00pm
734,3/10/2024,4:00pm
735,4/10/2024,3:00pm
736,5/10/2024,4:00pm
737,6/10/2024,3:00pm
738,7/10/2024,4:00pm
739,8/10/2024,3:00pm
740,9/10/2024,4:00pm
741,10/10/2024,3:00pm
742,11/10/2024,4:00pm
743,12/10/2024,3:00pm
744,13/10/2024,4:00pm
745,14/10/2024,3:00pm
746,15/10/2024,4:00pm
747,16/10/2024,3:00pm
748,17/10/2024,4:00pm
749,18/10/2024,3:00pm
750,19/10/2024,4:00pm
751,20/10/2024,3:00pm
752,21/10/2024,4:00pm
753,22/10/2024,3:00pm
754,23/10/2024,4:00pm
755,24/10/2024,3:00pm
756,25/10/2024,4:00pm
757,26/10/2024,3:00pm
758,27/10/2024,4:00pm
759,28/10/2024,3:00pm
760,29/10/2024,4:00pm
761,30/10/2024,3:00pm
762,31/10/2024,4:00pm
763,1/11/2024,3:00pm
764,2/11/2024,4:00pm
765,3/11/2024,3:00pm
766,4/11/2024,4:00pm
767,5/11/2024,3:00pm
768,6/11/2024,4:00pm
769,7/11/2024,3:00pm
770,8/11/2024,4:00pm
771,9/11/2024,3:00pm
772,10/11/2024,4:00pm
773,11/11/2024,3:00pm
774,12/11/2024,4:00pm
775,13/11/2024,3:00pm
776,14/11/2024,4:00pm
777,15/11/2024,3:00pm
778,16/11/2024,4:00pm
779,17/11/2024,3:00pm
780,18/11/2024,4:00pm
781,19/11/2024,3:00pm
782,20/11/2024,4:00pm
783,21/11/2024,3:00pm
784,22/11/2024,4:00pm
785,23/11/2024,3:00pm
786,24/11/2024,4:00pm
787,25/11/2024,3:00pm
788,26/11/2024,4:00pm
789,27/11/2024,3:00pm
790,28/11/2024,4:00pm
791,29/11/2024,3:00pm
792,30/11/2024,4:00pm
793,1/12/2024,3:00pm
794,2/12/2024,4:00pm
795,3/12/2024,3:00pm
796,4/12/2024,4:00pm
797,5/12/2024,3:00pm
798,6/12/2024,4:00pm
799,7/12/2024,3:00pm
800,8/12/2024,4:00pm
801,9/12/2024,3:00pm
802,10/12/2024,4:00pm
803,11/12/2024,3:00pm
804,12/12/2024,4:00pm
805,13/12/2024,3:00pm
806,14/12/2024,4:00pm
807,15/12/2024,3:00pm
808,16/12/2024,4:00pm
809,17/12/2024,3:00pm
810,18/12/2024,4:00pm
811,19/12/2024,3:00pm
812,20/12/2024,4:00pm
813,21/12/2024,3:00pm
814,22/12/2024,4:00pm
815,23/12/2024,3:00pm
816,24/12/2024,4:00pm
817,25/12/2024,3:00pm
818,26/12/2024,4:00pm
819,27/12/2024,3:00pm
820,28/12/2024,4:00pm
821,29/12/2024,3:00pm
822,30/12/2024,4:00pm
823,31/12/2024,3:00pm
824,1/1/2025,4:00pm
825,2/1/2025,3:00pm
826,3/1/2025,4:00pm
827,4/1/2025,3:00pm
828,5/1/2025,4:00pm
829,6/1/2025,3:00pm
830,7/1/2025,4:00pm
831,8/1/2025,3:00pm
832,9/1/2025,4:00pm
833,10/1/2025,3:00pm
834,11/1/2025,4:00pm
835,12/1/2025,3:00pm
836,13/1/2025,4:00pm
837,14/1/2025,3:00pm
838,15/1/2025,4:00pm
839,16/1/2025,3:00pm
840,17/1/2025,4:00pm
841,18/1/2025,3:00pm
842,19/1/2025,4:00pm
843,20/1/2025,3:00pm
844,21/1/2025,4:00pm
845,22/1/2025,3:00pm
846,23/1/2025,4:00pm
847,24/1/2025,3:00pm
848,25/1/2025,4:00pm
849,26/1/2025,3:00pm
850,27/1/2025,4:00pm
851,28/1/2025,3:00pm
852,29/1/2025,4:00pm
853,30/1/2025,3:00pm
854,31/1/2025,4:00pm
855,1/2/2025,3:00pm
856,2/2/2025,4:00pm
857,3/2/2025,3:00pm
858,4/2/2025,4:00pm
859,5/2/2025,3:00pm
860,6/2/2025,4:00pm
861,7/2/2025,3:00pm
862,8/2/2025,4:00pm
863,9/2/2025,3:00pm
864,10/2/2025,4:00pm
865,11/2/2025,3:00pm
866,12/2/2025,4:00pm
867,13/2/2025,3:00pm
868,14/2/2025,4:00pm
869,15/2/2025,3:00pm
870,16/2/2025,4:00pm
871,17/2/2025,3:00pm
872,18/2/2025,4:00pm
873,19/2/2025,3:00pm
874,20/2/2025,4:00pm
875,21/2/2025,3:00pm
876,22/2/2025,4:00pm
877,23/2/2025,3:00pm
878,24/2/2025,4:00pm
879,25/2/2025,3:00pm
880,26/2/2025,4:00pm
881,27/2/2025,3:00pm
882,28/2/2025,4:00pm
883,1/3/2025,3:00pm
884,2/3/2025,4:00pm
885,3/3/2025,3:00pm
886,4/3/2025,4:00pm
887,5/3/2025,3:00pm
888,6/3/2025,4:00pm
889,7/3/2025,3:00pm
890,8/3/2025,4:00pm
891,9/3/2025,3:00pm
892,10/3/2025,4:00pm
893,11/3/2025,3:00pm
894,12/3/2025,4:00pm
895,13/3/2025,3:00pm
896,14/3/2025,4:00pm
897,15/3/2025,3:00pm
898,16/3/2025,4:00pm
899,17/3/2025,3:00pm
900,18/3/2025,4:00pm
